day_of_year,hist_solar_irradiation_global_doy_mean,hist_solar_irradiation_global_doy_median,hist_solar_irradiation_global_doy_std,hist_solar_irradiation_global_doy_count,hist_wind_speed_global_doy_mean,hist_wind_speed_global_doy_median,hist_wind_speed_global_doy_std,hist_wind_speed_global_doy_count
1,5.7851938997821355,6.2877777777777775,1.8214031027244972,153,2.7444471405895103,2.8375,1.0757373269362325,153
2,5.908560522442972,6.402083333333334,1.6874224102268722,151,2.7054242334831886,2.6875,0.9906265859440587,151
3,6.0451312636165575,6.369333333333333,1.6272794444229868,153,2.6319360067467445,2.6,1.034072332508708,153
4,5.512729437229437,5.840680555555556,1.7056221460114038,154,2.768580007850547,2.781547619047619,1.1007511722921026,154
5,5.454544299201162,5.627750000000001,1.632654523026667,153,2.798395573469271,2.783333333333333,1.1103914122484202,153
6,5.542315949820789,5.804833333333334,1.7679786171314409,155,2.7843079922259446,2.8000000000000003,1.144586733223182,155
7,5.545103896103896,5.919541666666667,1.676401680467735,154,2.793973647698011,2.8270833333333334,1.0617026665625724,154
8,5.2499624287749285,5.741722222222222,1.8933524796888015,156,2.911354646821399,3.09375,1.1719728927643807,156
9,5.52642670250896,5.747166666666667,1.8526737062395433,155,2.9385172195353646,2.8791666666666664,1.0723261829550177,155
10,5.609087872185912,5.873083333333334,1.5919198245803943,153,3.1075961319237106,3.141666666666667,1.0821998399882522,153
11,5.769996212121212,6.168805555555556,1.7596081029355728,154,2.91185453930644,2.9258333333333333,1.1306039017651626,154
12,5.758423565722585,5.954916666666667,1.512201261928365,153,2.9232447721418873,2.966666666666667,1.0918558696087997,153
13,5.67926272264631,5.711638888888889,1.488157347640821,131,3.0325499807195793,3.158333333333333,1.2023785715231479,131
14,5.760664316239316,6.014888888888889,1.6373018695297679,130,2.92936676394954,2.897916666666667,1.1472643612452396,130
15,5.962519871794871,6.185527777777779,1.555540067041888,130,2.8099948055010766,2.8520833333333333,1.0831521890212734,130
16,5.8868010683760685,6.282333333333334,1.8157202526771459,130,2.882891490044896,2.914583333333333,1.1207960888925683,130
17,5.88189233419466,6.183944444444444,1.656664146596452,129,2.8449086422591887,2.7458333333333336,1.1073928181497714,129
18,5.647181206597223,5.894180555555556,1.734516553778051,128,2.821872669342694,2.865,1.1253178096086063,128
19,5.678542317708334,5.944152777777778,1.8127500711930857,128,2.684386908265035,2.604166666666667,1.0125660657860973,128
20,5.518653980752406,5.809444444444445,1.803151883336705,127,2.523263934421299,2.525,0.9952474436033591,127
21,5.2964921875,5.720180555555556,1.769994402589053,128,2.511890307202778,2.427083333333333,0.9766865076710523,128
22,4.794599737532809,5.233472222222222,1.8005006443163654,127,2.4847532645375847,2.370833333333333,0.9559624940157233,127
23,5.509401475694444,5.818902777777778,1.7620359354467545,128,2.614184272070951,2.56875,0.9861600121597742,128
24,5.617443576388889,6.088749999999999,1.7106770999654732,128,2.6132380548373195,2.5954710144927535,0.9683003401610081,128
25,5.947270616319445,6.414277777777778,1.686406735926681,128,2.5983647889492514,2.5583333333333336,1.0441279365944685,128
26,5.993286675347222,6.320861111111111,1.5596017541619962,128,2.493744733810121,2.4250000000000003,1.0295545100533725,128
27,5.851411854768154,6.129833333333334,1.6339576868434647,127,2.8760697695400244,2.9166666666666665,1.0431927175743565,127
28,6.108096037898363,6.286694444444444,1.5041423673551513,129,2.925609242713109,3.0500000000000003,1.0171597418690714,129
29,5.827766149870801,6.048305555555556,1.5182862524553737,129,2.811864674078684,2.95,0.9498585804374409,129
30,5.888525409130061,6.077833333333333,1.4756717126804373,129,2.815730169724236,2.8625000000000003,1.018079118188639,129
31,6.105546726959517,6.438805555555556,1.5203907721593568,129,2.7773139595821137,2.6750000000000003,1.0666213414151364,129
32,5.845139251997096,6.054444444444444,1.5901411700499468,153,2.8235143855942977,2.773684210526316,1.0414059103954916,153
33,5.735873456790124,6.00075,1.5674926063675654,153,2.7813049738148155,2.7375000000000003,1.0295169345756388,153
34,5.781195916114791,5.968416666666666,1.5379666677396058,151,2.7056663077537095,2.620833333333333,1.0844594361331044,151
35,5.803488121345029,6.097722222222222,1.6245005125932606,152,2.669969392817122,2.614583333333333,1.0832725356237958,152
36,6.073482752360203,6.3741666666666665,1.7128455435606988,153,2.7373668116203826,2.7875,1.1099090814174801,153
37,5.65559241103849,5.964305555555556,1.650323907056202,153,2.6814084361319033,2.6958333333333333,1.0347033812540507,153
38,5.846699494949495,6.177444444444444,1.6992483921206136,154,2.6769619812319316,2.6416666666666666,0.9656999234105954,154
39,5.626311147186147,5.89938888888889,1.8288197235868855,154,2.8366307728249085,2.8020833333333335,1.0222206955589737,154
40,5.749962418300654,6.103888888888889,1.587279033601717,153,2.9128859233642292,2.8833333333333333,1.0645140945191063,153
41,5.641585858585859,5.828138888888889,1.7156773763598803,154,2.8751054693239038,2.879166666666667,1.0611721443892146,154
42,5.653015151515151,5.822541666666666,1.6825386756453686,154,2.853741473397777,2.8604166666666666,1.0007884840221213,154
43,5.863307678697806,6.238222222222221,1.7452506533570205,157,2.679936598335295,2.716666666666667,1.012359929134818,157
44,5.823634890572391,6.095083333333333,1.537054909153648,132,2.696915209734406,2.69375,0.9161358680293649,132
45,5.35834132996633,5.7045972222222225,1.5902788940313732,132,2.690551956742615,2.6416666666666666,0.9891301455956185,132
46,5.187839856902357,5.338375,1.4516725858331723,132,2.6829003894302623,2.6624999999999996,0.9908982130449819,132
47,5.295619804919423,5.3575277777777774,1.4881977532501434,131,2.7215662723625584,2.6958333333333333,0.9689855473057936,131
48,5.324917521367522,5.480402777777778,1.595827096515364,130,2.6573701580908136,2.625,0.9317529500329342,130
49,5.095233850129199,5.242555555555556,1.7239866489565683,129,2.5369188986469866,2.5500000000000003,0.9157406946239223,129
50,5.514873717948718,5.500805555555555,1.4499937224805262,130,2.642473641128692,2.6354743083003953,0.924781304744358,130
51,5.378626068376068,5.686833333333333,1.6362647747512047,130,2.640495587745588,2.627083333333333,1.020534182008782,130
52,5.317325699745547,5.669583333333334,1.6707928039931457,131,2.5894958928366125,2.6913043478260867,0.970166912862186,131
53,5.277691287878788,5.763263888888889,1.8879571783998657,132,2.5226320028849964,2.5,0.895854616550942,132
54,5.534319654882155,5.873361111111111,1.7073575939420973,132,2.471025717554359,2.572916666666667,0.8983767043553965,132
55,5.779475168350169,6.122541666666667,1.5822763592841147,132,2.555509215857146,2.50625,0.9433987713005145,132
56,5.8701734006734005,6.218166666666667,1.5310794752237804,132,2.574421209545412,2.5846590909090907,0.953203520358403,132
57,6.0192798821548825,6.247736111111111,1.5158430491289834,132,2.4707771424496383,2.408333333333333,0.9061203117177673,132
58,5.973070075757576,6.306930555555555,1.6038167791229905,132,2.443652745513505,2.404166666666667,0.9173570147806837,132
59,5.472221374045802,6.121555555555555,1.9541608923821987,131,2.413639058435431,2.3208333333333333,1.0488837430197355,131
60,5.634577160493827,5.920277777777779,1.7500699631043939,144,2.5137154011903515,2.43125,1.093047394671851,144
61,5.804967204301075,6.159805555555556,1.705798633164734,155,2.5664590662181825,2.3375,1.1025023509292136,155
62,5.6863442265795205,5.998916666666667,1.6848863989600176,153,2.502721313046648,2.3625,1.0259421722644004,153
63,5.768159318996416,6.094888888888889,1.6650301892564996,155,2.402614431228737,2.3291666666666666,0.9917448205906508,155
64,5.898059523809524,6.248402777777778,1.6366172014342224,154,2.4246077627960996,2.3291666666666666,0.994931923329033,154
65,5.756378903413218,6.079916666666667,1.501893849261074,153,2.423420889088992,2.3583333333333334,0.9355950154744173,153
66,5.607156926406926,5.746597222222222,1.7475177776363628,154,2.3878444360690185,2.2916666666666665,0.9160058080613387,154
67,5.624610573476702,5.932555555555556,1.6169088301223913,155,2.440342770462769,2.4458333333333333,0.8854961219017079,155
68,5.3959455266955265,5.653277777777777,1.6377970011679253,154,2.65259451473348,2.665851449275362,0.9698223592217503,154
69,5.867089784946237,6.244083333333333,1.6313622821006843,155,2.731308261942203,2.6833333333333336,0.9811592150641167,155
70,6.083475108225109,6.552763888888888,1.662770120566227,154,2.658158006288671,2.6666666666666665,0.919882950644469,154
71,5.7881491702741705,6.173555555555556,1.701983461704321,154,2.4938703828638893,2.5264880952380953,0.8964792758519965,154
72,5.767639280125196,6.0252083333333335,1.6492675934861722,142,2.573510162800669,2.4104166666666664,0.9379444794728028,142
73,6.01795170940171,6.425888888888888,1.5679611714149697,130,2.5803636183367638,2.564583333333333,0.9611513076854167,130
74,5.79166282051282,5.92025,1.5355372856026808,130,2.6972280099127923,2.7625,0.9631395587667104,130
75,5.802282945736434,6.023444444444445,1.5473110878347183,129,2.6267608800217492,2.5875,0.9939982199853736,129
76,5.374351282051282,5.606458333333333,1.6857496624507557,130,2.4965161468965817,2.4125,0.9404717383495911,130
77,5.56271217948718,5.883180555555556,1.738390944757138,130,2.445364722996302,2.46875,0.9812302044379688,130
78,5.492825854700855,5.679861111111111,1.6039079318352576,130,2.2557098413095855,2.125,0.8532659821232954,130
79,5.426073643410852,5.523722222222222,1.633843699794878,129,2.280330843462795,2.1875,0.8009914473325054,129
80,5.487170327304048,5.795611111111112,1.691907655306982,129,2.329317994573303,2.379166666666667,0.8595685654278771,129
81,5.576231912144703,5.945611111111111,1.525045856755152,129,2.413031513850656,2.375,0.8904376833488893,129
82,5.694282299741602,5.941666666666666,1.4952078270210911,129,2.5124597593733085,2.466666666666667,0.9016564976130451,129
83,5.675553402239449,6.114861111111111,1.5690554394785634,129,2.5249841873476857,2.5375,0.8636884484436405,129
84,5.687094530577089,6.021916666666667,1.6033086774729086,129,2.429887399455293,2.4791666666666665,0.8462344786018123,129
85,5.574712673611111,5.779,1.5877134774070571,128,2.398219850718202,2.4479166666666665,0.8159127871393782,128
86,5.565258680555556,5.9876249999999995,1.6140012657584595,128,2.3769943352522325,2.3164772727272727,0.8743071930349234,128
87,5.530979383680555,5.741652777777778,1.571565441958958,128,2.3774559098229626,2.2243055555555555,0.9223653447196442,128
88,5.322999354005168,5.536611111111111,1.448997851906477,129,2.3796334990829577,2.25,0.9033920922739587,129
89,5.3085187338501285,5.388027777777778,1.476247160311273,129,2.4876157579596883,2.4541666666666666,0.9328957419702028,129
90,5.591360243055556,5.909430555555556,1.632562646710011,128,2.531181575712379,2.503273809523809,0.94952590900392,128
91,5.773378497202239,6.060250000000001,1.5588637732086392,139,2.4400960214324305,2.4875000000000003,0.9387465265537751,139
92,5.509889249639249,5.8685,1.5609638711747151,154,2.2858911722552238,2.2854166666666664,0.8886371567243401,154
93,5.580468932748538,5.86163888888889,1.455057489597237,152,2.3827489279464644,2.35625,0.8987835359784629,152
94,5.3253943001443,5.561791666666666,1.4539467201023193,154,2.3110464290771437,2.17481884057971,0.8686962398848823,154
95,5.4882435064935065,5.762583333333334,1.5904219380888203,154,2.2372660749011293,2.1083333333333334,0.8820955042751484,154
96,5.301821608946609,5.701083333333333,1.6150111341894406,154,2.3308134055451584,2.3270833333333334,0.8454862619451458,154
97,5.226919372294373,5.554833333333333,1.6875756791854966,154,2.3453618421856706,2.2666666666666666,0.8707047170671509,154
98,5.089935483870968,5.473444444444444,1.6106394196861906,155,2.4266534416733245,2.308333333333333,0.8691059153474527,155
99,5.184292207792208,5.566333333333333,1.5429749858339739,154,2.4853294569944766,2.3916666666666666,0.9562890257240189,154
100,5.380943181818182,5.577472222222222,1.5638324876683616,154,2.5159089267976418,2.49375,0.9523718923686622,154
101,5.089311648745519,5.333222222222222,1.5830883065616914,155,2.531657822464274,2.4791666666666665,0.9761950148885199,155
102,4.968089247311828,5.180777777777777,1.7057575686381818,155,2.5297503245608177,2.4541666666666666,0.9922777099904028,155
103,4.8650893550893555,5.097611111111111,1.6747440053450509,143,2.4088477287134578,2.4380952380952383,0.9394245210480667,143
104,5.3525689143341815,5.503472222222222,1.3235331627003921,131,2.453834884691589,2.433333333333333,0.9519863406553097,131
105,5.149105769230769,5.422819444444444,1.543887267625023,130,2.460199658846112,2.4458333333333333,0.9425023654644715,130
106,5.318358333333333,5.574666666666667,1.4594413836825157,130,2.4756744240059456,2.4416666666666664,0.9127896833867377,130
107,5.1713114927905,5.459083333333334,1.6248482416097205,131,2.4720532718010317,2.6125000000000003,0.9481928421538901,131
108,5.120145038167939,5.439027777777778,1.5668822755471046,131,2.5760412821583714,2.658333333333333,0.9207657785867892,131
109,5.0187169211195926,5.405333333333333,1.5482947939762843,131,2.611003192514975,2.6166666666666667,0.9797690668978326,131
110,5.102839906700593,5.332194444444445,1.4823173498127644,131,2.506544056337598,2.4166666666666665,0.959214280782875,131
111,5.146216921119593,5.329833333333334,1.4811734738351892,131,2.449860717289709,2.3000000000000003,0.9884510227734409,131
112,4.708034188034189,5.005763888888889,1.602528867331389,130,2.5753513315441237,2.5166666666666666,1.0120630952031133,130
113,4.870690415606446,5.051166666666667,1.4200658915563913,131,2.53629954577808,2.458333333333333,0.9480609599247236,131
114,4.877292204995693,5.187305555555556,1.523161655788578,129,2.534256788599559,2.5708333333333333,0.9271157382156648,129
115,5.06031007751938,5.367666666666667,1.437874908457816,129,2.3775179173383103,2.3375,0.9042141023627883,129
116,5.188881782945737,5.483388888888889,1.4123149691681274,129,2.3955199556857267,2.4000000000000004,0.9199815754375661,129
117,5.230755813953489,5.555833333333333,1.5056244535291785,129,2.468758152447485,2.433333333333333,0.8788418898053241,129
118,4.949061538461539,5.226819444444445,1.6354264436343007,130,2.540918609386697,2.6187500000000004,0.9654492903985251,130
119,4.765054048234281,4.859694444444445,1.5493316563472894,129,2.6167853523838476,2.5791666666666666,0.987001013632638,129
120,4.613650732127477,4.740055555555556,1.6950679681333185,129,2.5986871547037786,2.566666666666667,0.9545197613575411,129
121,4.725087636932708,4.883208333333333,1.6823185712738178,142,2.4577773194645194,2.5479166666666666,0.9548767720000855,142
122,4.439735197368421,4.644055555555556,1.5235739569916928,152,2.381302241213211,2.4154761904761903,0.9602101161755573,152
123,4.444868469462841,4.744166666666667,1.5665373116538008,151,2.6576042629608865,2.833333333333333,0.9582579332435702,151
124,4.722502575423105,4.850499999999999,1.555499378666015,151,2.548256699742955,2.558333333333333,1.0592971112494265,151
125,4.821130818318318,5.0585,1.465074645315381,148,2.47932755295527,2.5278079710144925,0.9778722220873356,148
126,4.563392617449665,4.636861111111111,1.28397339552517,149,2.4154249709944806,2.3291666666666666,0.9092639620904024,149
127,4.754962599854757,4.959027777777778,1.3675234047398874,153,2.3711485588233243,2.35,0.9665208109614312,153
128,4.4918455988455985,4.613472222222223,1.4043262726902568,154,2.732810399298612,2.682971014492754,1.093504038454157,154
129,4.721916122004357,4.965027777777778,1.4660664585766903,153,2.685237476047365,2.720833333333333,1.0601418104670872,153
130,4.603699527959332,4.712388888888889,1.676892400378142,153,2.6257632407376654,2.658333333333333,1.0571277852024101,153
131,4.753634531590414,4.812833333333334,1.6411790436874634,153,2.7866855287790138,2.833333333333333,1.007422333642895,153
132,4.891988275613276,5.253444444444444,1.6659250267417998,154,2.58436298721883,2.5270833333333336,1.0814038795086567,154
133,4.759372420634921,4.994166666666667,1.586013155869823,140,2.5972832405689545,2.6083333333333334,1.0612093896069934,140
134,4.818538057742782,5.174722222222222,1.3870456040276395,127,2.5007433371717864,2.4833333333333334,0.975416359111486,127
135,4.648784829059829,4.974694444444444,1.4577345819544356,130,2.5521565246347855,2.5625,1.0678425754359242,130
136,4.640901162790698,4.857638888888889,1.480432139523009,129,2.358402196893097,2.3000000000000003,1.0482447073430285,129
137,4.670839362618433,4.860416666666667,1.3983638677980537,129,2.360101469702076,2.325,0.9663785920402195,129
138,4.550637166236004,4.655638888888888,1.2956019376460783,129,2.692732893721266,2.8000000000000003,0.9638024155915235,129
139,4.515623600344531,4.74925,1.421627900779085,129,2.5850697468467945,2.6791666666666667,0.9549601965934692,129
140,4.773554487179488,4.995319444444445,1.2835297004051862,130,2.6001478089035297,2.7416666666666663,1.0260889651914833,130
141,4.428682508680556,4.605,1.432157908725833,128,2.7075230493012423,2.5562500000000004,1.116429087061519,128
142,4.560189453125,4.754083333333334,1.2986595713418119,128,2.561236380861265,2.645833333333333,1.0214801664729496,128
143,4.523686197916667,4.468666666666667,1.277069924100321,128,2.582542389392763,2.5407196969696972,1.0635546647760215,128
144,4.340425996607294,4.440472222222222,1.3722053393741982,131,2.496740645127635,2.5869565217391304,0.9023436008307297,131
145,3.9783763782866837,4.134111111111111,1.41334883627627,131,2.570185257822165,2.6791666666666667,0.9875716410882918,131
146,4.264376802374894,4.2975,1.273692497199709,131,2.570694842550966,2.670833333333333,0.9586521548247638,131
147,4.4026914758269715,4.522305555555556,1.3819895131088988,131,2.548981002955447,2.708333333333333,0.9789164098398585,131
148,4.086284987277353,4.244472222222222,1.3979561084172525,131,2.5625746407591743,2.5291666666666663,0.9593630147645571,131
149,4.4118708651399485,4.495972222222222,1.422462841211098,131,2.7212082294035986,2.7375000000000003,1.0814454214151907,131
150,4.148761238337575,4.275194444444445,1.2727863746775414,131,2.690122508980058,2.6791666666666667,1.0764053099863304,131
151,4.1106202991453,4.178180555555556,1.355493382618087,130,2.6541848350924435,2.75,1.06783987719281,130
152,4.4862906746031745,4.613888888888889,1.3063038097246114,140,2.4981217448441826,2.4729166666666664,1.0392968116230823,140
153,4.501527229532164,4.641569444444444,1.3834945014858975,152,2.410668081677618,2.3745833333333337,1.0408745992259814,152
154,4.832334064327486,5.061402777777778,1.375455883913393,152,2.4187678459498354,2.29375,1.0567244644979503,152
155,4.31947423245614,4.4005833333333335,1.5762725991412228,152,2.4335521909216062,2.464039855072464,1.0427412073879376,152
156,4.391447002923977,4.5443194444444455,1.4928814375066757,152,2.4462728644829617,2.541666666666667,0.9453353626675357,152
157,4.412786310820625,4.537444444444445,1.223552422772788,153,2.665015854959313,2.75,1.0393741343542806,153
158,4.346627450980392,4.508722222222223,1.326933400554788,153,2.7339792831257026,2.6875,0.9902204006239453,153
159,4.385434640522876,4.520638888888889,1.3421585631922595,153,2.859225363746497,2.841666666666667,1.1129778085215518,153
160,4.635828612926652,4.992666666666667,1.397060083092163,153,2.9208258699741405,2.904166666666667,1.112711224993627,153
161,4.613101608187134,4.5735277777777785,1.492267846206305,152,2.792862481100173,2.8812499999999996,1.041526187406672,152
162,4.735614259259259,4.6982083333333335,1.504238433898581,150,2.7995350193284976,2.872916666666667,1.0317437592491756,150
163,4.575007309941521,4.787902777777777,1.669881489202978,152,2.7527303665901557,2.8666666666666667,1.0545351189688483,152
164,4.210091586151369,4.344986111111111,1.541812248229586,138,2.849157615661702,2.90625,1.0101087419594608,138
165,4.306727111111111,4.532611111111111,1.3858659198342975,125,2.85566139657444,2.9250000000000003,1.118921149704746,125
166,4.111119555555556,4.179222222222222,1.2395081489915938,125,2.9970088828733075,3.1125000000000003,1.1626507310854748,125
167,4.211480444444445,4.286194444444444,1.4155624708956376,125,2.878476689748086,3.1,1.051746626674191,125
168,3.800457892416226,3.767888888888889,1.3637001494967502,126,2.7005972680776535,2.873484848484849,1.0655546979961454,126
169,3.878198222222222,3.914833333333333,1.407072146822366,125,2.691455243048332,2.8,1.067137312513435,125
170,4.369175333333334,4.533,1.343745667981385,125,2.705206984126984,2.7875,0.9919981878094511,125
171,4.389768444444445,4.6355,1.2997429606756739,125,2.8757410690758514,2.875,1.164061018891461,125
172,4.0962731111111115,4.14975,1.4918784005395398,125,2.9375582684287487,3.083333333333333,1.1290815619472203,125
173,4.214534888888889,4.320666666666667,1.418587617571576,125,2.8764407449356555,2.920833333333333,1.1313070499020719,125
174,3.8650564373897707,3.680138888888889,1.419321463000031,126,2.8189889001612602,2.759601449275362,1.07180712564534,126
175,3.9263031111111113,4.096666666666667,1.342864186813434,125,2.8265589774578332,2.9958333333333336,1.025218962975651,125
176,3.9574037777777775,4.045972222222222,1.2742928995960354,125,2.9800044431527555,3.1791666666666667,1.1285979518122806,125
177,4.191203555555556,4.336388888888889,1.5132825058914474,125,2.9505936559753496,2.9782608695652173,1.0950256693253553,125
178,3.9380692239858903,3.9314166666666663,1.3920319600850042,126,2.912326089073881,2.9371323529411764,1.1161584757322236,126
179,3.9333990299823633,3.9125555555555556,1.4168445791752569,126,2.8999416262779834,2.979166666666667,1.098480559952989,126
180,3.728594135802469,3.7875972222222223,1.3420382368932742,126,2.7744734613212874,2.77125,1.0483196409683373,126
181,4.4268424444444445,4.578166666666667,1.3537942379225205,125,2.8483331555230786,2.9458333333333333,1.0584871497470791,125
182,4.212578872668289,4.305611111111111,1.5123163169456073,137,2.9077070839876296,3.0,1.098428915035541,137
183,4.126629194630873,4.175472222222222,1.608014813942907,149,2.904605251446397,3.075,1.0497942030777414,149
184,4.018760135135135,4.090013888888889,1.6320017471072081,148,2.9369040962047674,3.0708333333333333,1.146367575321795,148
185,4.072342288011695,4.228041666666666,1.5256250614911775,152,2.8789202866501293,2.947916666666667,1.2054304890426395,152
186,4.387576158940397,4.489472222222222,1.4364956356958003,151,2.8882945586422406,3.025,1.1352160666253857,151
187,3.8577008830022077,3.830611111111111,1.3763660238017204,151,2.932597517229575,3.1125000000000003,1.1296721298119445,151
188,4.029997962962963,4.084777777777777,1.264634059737859,150,2.8371557657318527,2.9423913043478263,1.0723815637513874,150
189,4.416689293598234,4.489444444444445,1.3805135544859326,151,2.8345712800210525,2.908333333333333,1.0831339808591094,151
190,4.476958241353937,4.696611111111111,1.4609299936007918,151,3.1405968682595518,3.25,1.124550469079359,151
191,4.5443503703703705,4.521888888888888,1.5566300595997524,150,3.000579343505888,3.0625,1.026781451815801,150
192,4.565702962962963,4.8245000000000005,1.6878859517486826,150,2.872769484862963,2.9604166666666663,1.072371325534612,150
193,4.394654893303899,4.499888888888889,1.5742658870378012,151,2.8802275888602553,3.0500000000000003,1.0955668441233335,151
194,4.0475150966183575,3.980277777777778,1.542580659108856,138,2.9605921306866487,2.9854166666666666,1.141240758034664,138
195,4.453089020122484,4.68775,1.4146432246104477,127,2.999773730692987,3.0608695652173914,1.1660931982528264,127
196,4.57693416447944,4.807277777777778,1.2924231301501796,127,2.9395337440527447,2.95,1.1055467586783843,127
197,4.3629250440917104,4.475527777777778,1.4506800379935476,126,2.998528460937881,3.08125,1.1522878544819375,126
198,4.317936197916667,4.424138888888889,1.43234860871772,128,3.103774286209049,3.243478260869565,1.1158760102598104,128
199,4.226752387152778,4.223111111111111,1.3633527652727613,128,2.7256048327804443,2.8958333333333335,1.0867640107510408,128
200,3.989169681309216,3.937722222222222,1.3900683968372949,129,2.679934845874141,2.7875,1.047460643284082,129
201,4.641739664082687,5.024805555555555,1.5251900999435546,129,2.8194778947979597,2.970833333333333,1.1011017887693737,129
202,4.449291666666666,4.5777222222222225,1.4773551571274444,130,2.873810859430425,3.072916666666667,1.0529685541637346,130
203,4.256306186868686,4.306902777777777,1.363882621504863,132,3.0768033110909383,3.20625,1.1542905053745092,132
204,4.395566498316498,4.325555555555555,1.4428730705820019,132,3.1509258439997465,3.3374999999999995,1.1932824088030458,132
205,4.721882365319866,4.796236111111112,1.346620082337865,132,3.1831392945548083,3.302083333333333,1.124965082383117,132
206,4.55628851010101,4.791236111111111,1.3115079496925925,132,3.1307676165071245,3.2249999999999996,1.1131511390599356,132
207,4.3730867003367,4.460444444444445,1.3555333310221465,132,3.118039745900418,3.3687499999999995,1.1192786237657666,132
208,4.585691899915182,4.695388888888889,1.351149266870012,131,3.0709897340738697,3.2458333333333336,1.1172512520635465,131
209,4.25970695504665,4.365916666666666,1.3408529012284796,131,3.2330791984512266,3.4250000000000003,1.1615482454895163,131
210,4.653258481764207,4.8301944444444445,1.3149912710266267,131,3.2038712059451138,3.275,1.1435171968110684,131
211,4.660159511784512,4.852902777777778,1.4895108934784074,132,3.276832483647614,3.3875,1.195043774489937,132
212,4.283966119528619,4.309861111111111,1.3092580571824894,132,3.1594158605448133,3.3,1.1358269425612446,132
213,4.65391300154321,4.728375,1.3829792825678542,144,3.0294227313045248,3.122916666666667,1.1607001407896387,144
214,5.104721153846154,5.410458333333333,1.5145416014700548,156,2.966760082568699,3.0979166666666664,1.052570591565864,156
215,4.908269892473118,5.173,1.7322789354236752,155,2.690052564003661,2.7916666666666665,1.0632852284411047,155
216,5.427229522792023,5.895402777777778,1.4757558099578578,156,2.58069864935434,2.552083333333333,1.1517708689996613,156
217,5.048029032258065,5.2332777777777775,1.513464240978808,155,2.70862306100189,2.8166666666666664,1.119327474751103,155
218,4.845435304659499,5.136055555555555,1.4915186722217846,155,2.953408727013432,3.016666666666667,1.1305800176495455,155
219,4.605348566308244,4.76125,1.4851842461160671,155,3.0956172768325647,3.1791666666666667,1.1160557423501973,155
220,4.702241756272401,4.833666666666667,1.5757317308049834,155,2.9978503570378416,3.141666666666667,1.1523480621924942,155
221,4.8990597312999276,5.07961111111111,1.4750746469096425,153,3.0684565240699984,3.216666666666667,1.155113215363624,153
222,5.313034090909091,5.5676805555555555,1.5093033967727199,154,3.0814429523202818,3.158333333333333,1.1799342135252813,154
223,5.478770021645022,5.775486111111111,1.5637497669740954,154,3.1062476829275245,3.122916666666667,1.205296035646799,154
224,5.3631284946236555,5.630416666666667,1.4777948710791835,155,3.234682082293583,3.35,1.2235220561485658,155
225,5.196542840375587,5.439430555555555,1.4758468470401325,142,3.17124848895746,3.325,1.2146039277528766,142
226,4.898084615384615,5.074541666666667,1.5043803063974406,130,3.21844506942333,3.4791666666666665,1.2226082682958708,130
227,5.1928480769230765,5.385166666666667,1.55235046278364,130,3.164036974747333,3.2333333333333334,1.1656069199951007,130
228,5.19343952991453,5.415125,1.4019401632660455,130,3.2149758310251624,3.4208333333333334,1.2087182053754812,130
229,4.95888486005089,5.181111111111111,1.3415012994128024,131,3.229620547360516,3.404166666666667,1.170004425367153,131
230,4.778660305343512,4.947333333333334,1.634798239634925,131,3.2645395429708146,3.533333333333333,1.2444029280909394,131
231,4.87924957591179,5.037444444444445,1.4423553811760836,131,3.1782091240986032,3.345833333333333,1.2050818316667156,131
232,4.805865776081425,4.901222222222223,1.4970172342196726,131,3.083611848655825,3.317391304347826,1.176021741435809,131
233,4.946976251060221,5.028416666666667,1.4821730908535156,131,3.1304080765456472,3.341666666666667,1.1846005117231766,131
234,5.043427905004241,5.289472222222223,1.5698817178859812,131,3.3153265600359565,3.725,1.2607562205792224,131
235,5.176955341880342,5.4442361111111115,1.564247386433464,130,3.289167502787068,3.49375,1.2273274479833394,130
236,5.13611047008547,5.313736111111112,1.4172685113240049,130,3.290161737856078,3.475,1.1846978187163817,130
237,5.053260897435897,5.272069444444445,1.5875397803098141,130,3.2581345203233076,3.5374999999999996,1.1489065631485467,130
238,5.285328632478633,5.454472222222222,1.4997773223602007,130,3.1469526615754235,3.20625,1.0947209750474185,130
239,5.336463888888889,5.502291666666667,1.4004789594632434,130,3.02564652014652,3.1957427536231884,0.995526294231994,130
240,5.2597844017094015,5.535777777777778,1.476669993495003,130,3.1187418414918415,3.314583333333333,1.00893932790616,130
241,5.167959302325581,5.214222222222222,1.4708821010583129,129,3.3298000224693856,3.65,1.1507457035908188,129
242,5.13246511627907,5.424111111111111,1.4968905544650448,129,3.2796301260645815,3.420833333333333,1.172835126526399,129
243,5.422789102564103,5.679597222222222,1.6305281218930414,130,3.207012860328078,3.3791666666666664,1.1097191770647932,130
244,5.307322023809523,5.335388888888889,1.5254667940092725,140,3.1161985014413505,3.159510869565217,1.1476305026871574,140
245,5.5954137426900585,5.902222222222222,1.5341201687571464,152,3.0400464977180803,3.04375,1.2187271290574617,152
246,5.669060820624546,5.888,1.5117124486789741,153,3.0513641521728867,3.1208333333333336,1.168723187807533,153
247,5.516216594045026,5.993611111111111,1.6110109902135517,153,2.8584183610270566,2.8375,1.0999214969891389,153
248,5.556816666666667,5.878222222222222,1.6708716663666816,155,3.025534429233464,3.0708333333333333,1.2388815713384023,155
249,5.40720032051282,5.732638888888888,1.6841721669837402,156,3.3461070974114455,3.4297101449275362,1.2047259160431807,156
250,5.053174982307148,5.268944444444444,1.6620769354427396,157,3.303869479745479,3.4692307692307693,1.1580702219508745,157
251,5.29927938034188,5.4535277777777775,1.6284904158332585,156,3.391003526019634,3.564583333333333,1.1845980301186625,156
252,5.392121863799283,5.724472222222222,1.5321733195603922,155,3.564017971743077,3.7,1.1282535451339981,155
253,5.576904301075269,5.743388888888889,1.5625033774763615,155,3.6179526066612184,3.7428571428571424,1.1528352398101664,155
254,5.538405734767025,5.606722222222222,1.5139997055384053,155,3.4986272452029814,3.711111111111111,1.14863963010846,155
255,5.2632695868945865,5.389736111111111,1.649912674819563,156,3.3482084670457097,3.495454545454545,1.1312811841674795,156
256,5.544561921296296,5.747305555555556,1.476414330835448,144,3.29854534590018,3.4897727272727272,1.1843658021728216,144
257,5.522590909090908,5.7734305555555565,1.6948894725143002,132,3.379140989376063,3.5770833333333334,1.1799695891203879,132
258,5.7157620232172475,5.909972222222223,1.4653161069966871,134,3.442610165359192,3.6395833333333334,1.1264347336571792,134
259,5.77676119402985,5.974152777777778,1.4809060790695185,134,3.2962321834614263,3.404166666666667,1.168763617317584,134
260,5.872436507936508,6.05875,1.4447211194592995,133,3.2792925224316205,3.3541666666666665,1.139657301015348,133
261,5.722003341687552,5.89636111111111,1.516836076470526,133,3.413136048053505,3.595833333333333,1.083057857690058,133
262,5.874881069958848,6.1715,1.5273372563399246,135,3.5199946124728734,3.654166666666667,1.1487167310556976,135
263,5.947984272875817,6.200027777777779,1.4666757215033424,136,3.326157892296715,3.4298913043478265,1.1442060134589842,136
264,6.142950980392157,6.544472222222222,1.3974175707438783,136,3.0456555403782066,3.2041666666666666,1.0969171486114704,136
265,6.139635212418301,6.551222222222222,1.3692431567726178,136,3.120154452591313,3.1721590909090907,1.0642162554320798,136
266,6.136421160130719,6.514194444444444,1.3618994779014824,136,3.3866447981773504,3.473809523809524,1.0903132387387529,136
267,6.033188316993464,6.253361111111111,1.4924634220816309,136,3.1401743330731504,3.26875,1.0328903054389342,136
268,6.315796772875817,6.6810833333333335,1.402758661083538,136,3.1195986802164875,3.1354166666666665,1.0638261390977406,136
269,6.158032679738562,6.503902777777778,1.4508769780633333,136,3.343144581414495,3.395652173913043,1.1232350518638783,136
270,6.086463643790849,6.33,1.4232769549752873,136,3.257772646712107,3.3746376811594203,1.1090557346529373,136
271,6.091218518518518,6.339555555555556,1.3822886272928578,135,3.2472752003343155,3.345833333333333,1.1129966370916446,135
272,6.174538194444445,6.532888888888889,1.4734117517836653,136,3.2621122936987708,3.426325757575757,1.1132083537706778,136
273,6.178000405515004,6.705611111111112,1.515453826246341,137,3.2001718630288924,3.3166666666666664,1.1180503466982539,137
274,6.111772557792692,6.464805555555556,1.4635265530119528,149,3.1644225968765096,3.244444444444445,1.097438532711902,149
275,6.205703416149068,6.537055555555556,1.3979781961006352,161,3.174143583222371,3.158333333333333,1.0499137244892442,161
276,6.248570138888889,6.678194444444444,1.4159029535658005,160,3.0905179646586896,3.14375,1.0988547115298346,160
277,5.992078993055555,6.2851388888888895,1.4399889444236635,160,3.1262651367590584,3.122916666666667,1.2374641866858238,160
278,5.656887860082304,5.905125,1.5114990125762149,162,3.1718821892330804,3.1624999999999996,1.2814093671561708,162
279,5.504674775707384,5.852694444444444,1.758784685635159,161,3.1047008801802214,3.0478260869565217,1.160663192597816,161
280,5.589059327846365,5.979652777777778,1.724966491420493,162,3.344661995995957,3.42375,1.184521054753117,162
281,5.717686899862826,6.211291666666666,1.7390043830338096,162,3.423099092489189,3.525155279503106,1.1673047443119167,162
282,6.035993961352657,6.184638888888889,1.433001951396228,161,3.4477453588533153,3.5500000000000003,1.1414910039861694,161
283,6.068430034722222,6.375861111111111,1.5463198025815514,160,3.4837553131249175,3.6208333333333327,1.0909887930727244,160
284,5.655725520833333,5.936361111111111,1.7733849619811304,160,3.4089593094658435,3.620833333333333,1.1459170492751174,160
285,5.722791407867494,6.024472222222222,1.4893881154424713,161,3.312960455076228,3.35,1.141912615313292,161
286,5.664230855855855,5.944791666666667,1.5087340999424268,148,3.394288354374167,3.5416666666666665,1.1344860698291117,148
287,5.748486928104575,5.795069444444444,1.5013749263061817,136,3.3275435538512568,3.321105072463768,1.2349967086182407,136
288,5.906687050359712,6.103972222222222,1.524156873731263,139,3.4091790613080333,3.5041666666666664,1.2411353294160477,139
289,5.924203051643193,6.177027777777777,1.4676036248308832,142,3.4240511181296225,3.51875,1.1707940813781537,142
290,6.004234154929578,6.1745,1.6048375630655771,142,3.20279292686289,3.314583333333333,1.0913874328471862,142
291,6.103744089834516,6.375944444444444,1.6190547557594708,141,3.0809855357120317,3.125,1.0234516902887458,141
292,6.1790896375098505,6.725472222222223,1.629247043814102,141,3.091043742121448,3.069565217391304,0.9999748839418261,141
293,6.300277186761229,6.690666666666667,1.5856948357832248,141,3.1380097626189207,3.1916666666666664,1.0297669359451334,141
294,6.159192080378251,6.607055555555555,1.6024891632715217,141,3.1638158792265614,3.068421052631579,1.131297906105202,141
295,6.002288810086682,6.296555555555556,1.530604517494883,141,3.3869272145266596,3.454166666666667,1.1719069248689329,141
296,5.977718873128447,6.208888888888889,1.673327655734703,141,3.320369695355447,3.3791666666666664,1.1419159886785564,141
297,5.7672909771473595,6.046027777777778,1.6324440676317231,141,3.365615706757011,3.4250000000000003,1.172359212154142,141
298,6.0496120892018785,6.2469166666666665,1.5628912953222027,142,3.3284478180015538,3.3875,1.120983000603955,142
299,6.126414696611505,6.348472222222222,1.6267471180808537,141,3.2134023013106923,3.341666666666667,1.1383545925792382,141
300,6.234553990610328,6.736138888888889,1.7801929215781946,142,3.1601920312004474,3.2874999999999996,1.0448757588232165,142
301,6.274348108747045,6.831888888888889,1.7398745800312454,141,2.9501725771014686,2.875,0.9528540740430879,141
302,6.449506150793651,6.994541666666667,1.5714866396096896,140,2.888159060659837,2.9729166666666664,1.0081004329434098,140
303,6.3809257936507935,6.802555555555555,1.4895524688655188,140,3.1051747274596737,3.027083333333333,1.0498652523470993,140
304,6.037152278177458,6.412722222222222,1.7110179469781661,139,3.1504544225180346,3.0666666666666664,1.0619623914931886,139
305,6.279979259259259,6.493138888888889,1.5318698389206973,150,3.0993353572776914,3.066666666666667,1.0764589042153794,150
306,6.2997791411042945,6.666833333333333,1.6218041450488205,163,3.219214302530716,3.233333333333333,1.079100683442192,163
307,6.262029481935924,6.632222222222223,1.5372652754109157,163,3.221253840145702,3.233333333333333,1.0736000716944314,163
308,5.802532890252215,5.960222222222222,1.5269160831765596,163,3.0546054063783257,3.0913043478260867,1.1506683278099064,163
309,5.953649598393574,6.378513888888889,1.7166582736320344,166,3.0501493433643088,2.989583333333333,1.1567829102869693,166
310,6.071583502710027,6.553444444444445,1.7711855709386548,164,3.2279492356500574,3.204166666666667,1.0672068479134174,164
311,5.937986363636363,6.327583333333333,1.6784982007721299,165,3.235783173600019,3.208333333333333,1.0592796456584725,165
312,5.979008585858586,6.40011111111111,1.6997976159947865,165,3.179740254456076,3.1916666666666664,1.029634198840871,165
313,5.980897357723578,6.261208333333334,1.5588744271280104,164,3.219010662035914,3.160416666666667,0.9897622346696925,164
314,5.875599663299663,6.172000000000001,1.7232398878701582,165,3.270261922638457,3.3083333333333336,1.05511760044529,165
315,6.1292123983739835,6.438,1.6258356354060772,164,3.13790193068096,3.2083333333333335,0.9223109236819717,164
316,6.428483670033669,6.768638888888889,1.546078940847318,165,3.015859473384177,2.941666666666667,0.9677279252144294,165
317,6.2901328581871345,6.791888888888889,1.5926313969674688,152,3.198934806685139,3.260416666666667,0.9097004950264503,152
318,6.250089528377298,6.679805555555555,1.6224562334284407,139,3.1854156742818596,3.1666666666666665,0.983615011353115,139
319,6.362251598721023,6.748722222222223,1.434900985303484,139,3.1644604497510427,3.125,1.0005711789606762,139
320,6.351359477124183,6.655569444444444,1.5339496077800465,136,3.168792444599417,3.131111111111111,1.0223071184963908,136
321,6.08577818627451,6.597736111111111,1.7931878380755721,136,3.00776543824439,3.0248081841432226,0.996104229775855,136
322,6.1550731209150324,6.476638888888889,1.539634779969115,136,3.0389020444247423,2.9520833333333334,1.1115662033504408,136
323,6.021949404761904,6.572180555555555,1.8065721853643184,140,3.0118597055839182,2.95,1.0213013231638892,140
324,6.3456303571428565,6.866527777777778,1.5917580588707634,140,3.1182927697758944,3.1833333333333336,1.002542502290475,140
325,6.385587896825396,6.785041666666666,1.5692420349610472,140,3.2592298330399356,3.397916666666667,0.9752696648086461,140
326,6.317950000000001,6.733805555555556,1.5517992201784434,140,3.052677442855626,3.03125,0.95304550706712,140
327,6.280939125295508,6.706166666666667,1.613034434533872,141,2.933326333944906,2.9625,0.8697983080192448,141
328,5.991419047619048,6.144486111111111,1.594968482330163,140,2.992932874966648,2.9564102564102566,0.9206324036716692,140
329,6.106761111111111,6.347111111111111,1.5565403003025453,140,3.126339749711073,3.1083333333333334,0.9071637447742261,140
330,6.370844956658787,6.782527777777778,1.6530789243624981,141,3.121465833153201,3.113636363636364,0.9666154827227825,141
331,6.114265169424744,6.587805555555555,1.825486221003001,141,3.14920453453549,3.0533333333333337,0.9905622939722459,141
332,6.151635515873015,6.359263888888888,1.566858368529849,140,3.089116881211847,3.0979166666666664,0.977334398848994,140
333,6.394434325396825,6.659958333333334,1.433660552333315,140,3.041753117913832,3.0532608695652175,0.9347077802212076,140
334,6.351110317460318,6.484291666666667,1.5059263884704301,140,3.1457008149717773,3.078804347826087,1.077510987058139,140
335,6.354323099415204,6.693930555555555,1.4348868378041582,152,3.1136616952999963,3.1041666666666665,1.123032730415152,152
336,5.992469665985003,6.42725,1.6259315050471936,163,3.045234903305549,3.0708333333333333,0.9985817792710133,163
337,5.949650034293552,6.270902777777778,1.5809135474103544,162,2.8662589860243077,2.89375,0.9563761690752121,162
338,5.851358710562414,6.151527777777778,1.6996678448462177,162,2.7755702195601764,2.708423913043478,0.9681660152332721,162
339,5.9517848915989156,6.42038888888889,1.692236418285717,164,2.7628394490326724,2.7583333333333333,0.9858932409173484,164
340,5.742444276094276,6.207333333333334,1.8323186844285209,165,2.8532541283602084,2.783333333333333,0.9269705500464983,165
341,5.979773259705489,6.447777777777778,1.754207108233121,166,2.8846581392000425,2.770833333333333,0.9118057214857169,166
342,5.7680522288755816,6.270333333333333,1.8050392501499934,167,3.0557738223205666,2.970833333333333,1.0285263311076136,167
343,5.9925913654618475,6.417138888888889,1.7057681003381222,166,3.186160593263596,3.2104166666666667,0.9049790105016808,166
344,5.615865796519411,6.275236111111111,1.8554744517438282,166,3.05739941828518,3.1309523809523814,0.9429875559250805,166
345,6.0977531793842035,6.390986111111111,1.5923376321404823,166,2.9980651525713777,2.8874999999999997,1.0809892882969134,166
346,5.860133233532934,6.094111111111111,1.502700803352633,167,2.928810560337679,2.858333333333333,0.9677828537780185,167
347,5.8224947691197695,6.235555555555555,1.5415393905824644,154,2.949594916502031,2.946467391304348,0.9922279058877471,154
348,6.225663145539906,6.514666666666667,1.5427583624209729,142,2.9942603126019387,2.9520833333333334,1.003778125230568,142
349,6.157024061032864,6.486472222222222,1.597475092797604,142,3.0012032604145924,2.9541666666666666,1.0112790221567265,142
350,5.852482394366198,6.133013888888888,1.5474753360123346,142,3.068996131982241,3.0532608695652175,1.003180847878039,142
351,4.909906298904539,5.164041666666666,1.8961765786647296,142,2.8811887955424975,2.8531702898550724,1.0501246824939248,142
352,5.336790884194054,5.7705,1.7986046677890668,142,2.8597278636343937,2.8,1.1048260920167319,142
353,5.442720657276996,5.543180555555555,1.7461675636359633,142,2.933724886819651,2.960416666666667,1.077129032890807,142
354,5.643124217527387,6.147069444444444,1.8981807732796374,142,2.967115785370612,3.0387500000000003,1.1374651336888322,142
355,5.47361682427108,5.595305555555555,1.6550088559946163,141,2.924854131700132,3.0375,1.0184170030490127,141
356,5.318553388494878,5.591722222222223,1.7278074108591335,141,2.9399790327226114,3.0500000000000003,1.0183911242938801,141
357,5.488983451536644,5.751194444444444,1.747255101950386,141,2.92189755434205,2.829166666666667,1.086247784184204,141
358,5.503485714285714,5.718,1.7562033621472013,140,2.946724207469549,2.8767045454545457,1.1318645200735853,140
359,5.935911231884058,6.238125,1.570832091197928,138,2.8091840830876746,2.8895833333333334,1.092297825785933,138
360,5.8062202380952375,6.126736111111111,1.8125857676864323,140,2.7669438122763146,2.8354166666666663,1.0117984153372979,140
361,5.969327380952381,6.178513888888889,1.6318496037777792,140,2.861465384770509,2.9437499999999996,0.9783086996486894,140
362,6.26614126984127,6.544888888888889,1.5196810245666068,140,2.7836899867730613,2.779166666666667,0.9992338369187237,140
363,5.980159523809524,6.412472222222222,1.718289911712875,140,2.7352314037756584,2.728472222222222,1.0737666605961598,140
364,6.0634154761904755,6.477555555555556,1.522506189572774,140,2.8966689921421245,2.8333333333333335,1.083771385777505,140
365,5.926103174603175,6.158069444444445,1.5266452430593562,140,2.8067714370506542,2.902083333333333,1.0863759077734727,140
366,6.4677847222222224,6.776833333333334,1.2468591188381866,36,3.2146800954681387,3.427083333333333,1.0963452144181476,36
